1571995996,3,25,3,"C2,C4,CA,CQ;S2,S3,S4,S5;S9,S6,S7,S8;S10,SQ,SJ,SK;D2,D6,D4,D3;DJ,D8,D7,D5;C3,HK,C5,C8;HA,H9,H8,SA;C9,H6,C6,C10;CK,H3,C7,CJ;H4,H2,DQ,H7;H5,DA,D10,HJ;H10,DK,D9,HQ"
1571995996,3,4,3,"CJ,C4,CK,C2;S2,S3,S5,S6;S7,S4,S10,S8;C9,C3,C5,C7;S9,SJ,SA,SQ;HJ,HA,C6,C8;H10,HK,C10,CA;DK,D2,D3,D5;D7,D4,D10,D6;H8,HQ,CQ,SK;D9,D8,DQ,H9;DJ,H6,DA,H7;H5,H4,H3,H2"
1571995996,3,14,3,"CK,C2,C9,CJ;S7,S5,S3,S2;S10,SJ,S4,S8;C4,C3,C7,C6;HK,SQ,S6,SA;DA,D5,D4,D2;C5,C8,SK,HQ;D6,DJ,D9,D3;D8,DQ,HA,D7;C10,CQ,H8,HJ;H7,CA,H5,H9;H6,H3,H4,H2;DK,H10,S9,D10"
1571995996,3,0,3,"CK,CJ,C2,CQ;S3,S2,S5,S4;S10,S6,S7,S9;C3,C4,C5,C7;HQ,SQ,S8,SJ;HJ,C6,C10,C8;H10,C9,CA,SA;D4,D5,D2,D3;D9,D6,D7,DA;H6,HA,H3,H2;DK,D8,DJ,HK;H8,DQ,H5,H4;H9,D10,SK,H7"
1571995996,3,6,3,"C6,CQ,C2,CK;S6,S3,S10,S2;C3,C5,C4,CJ;S7,S5,SK,S4;HK,C7,CA,C8;D7,D6,D2,DJ;S8,S9,HA,SJ;HQ,SA,H9,C9;H5,HJ,H7,C10;H3,H10,H4,H2;D10,D8,D3,SQ;DQ,D9,D4,H8;DK,DA,D5,H6"
1571995996,3,2,3,"C10,CJ,C2,CA;S9,S3,S2,S4;C5,HJ,C4,C3;C6,H9,C9,C7;SQ,S6,S10,S5;C8,H8,CQ,CK;D3,D9,D2,D5;D4,D10,D6,D7;DQ,DA,D8,DJ;HQ,S7,SK,SA;H10,H6,H4,H2;DK,SJ,HA,H5;H7,S8,HK,H3"
1571995996,3,7,3,"CJ,C2,CK,CA;S5,S3,S4,S2;C7,C3,C5,C8;HA,S10,S6,S8;C9,C4,SQ,H6;C10,C6,HK,H3;D2,SA,D3,D5;D4,SK,D6,D7;D8,H10,D9,DJ;DQ,H9,D10,DK;HQ,H5,S7,S9;HJ,H4,H8,SJ;H7,CQ,DA,H2"
1571995996,3,3,3,"C5,CA,C2,CJ;S2,S3,S8,S6;C3,C6,C4,C8;S5,S4,SK,S10;SQ,HK,C9,C7;HQ,HJ,C10,HA;H8,H10,CQ,H9;H4,H6,CK,H7;D2,D3,D4,DK;D7,D5,D6,D9;H3,D10,D8,DQ;SJ,DJ,SA,H2;S7,S9,DA,H5"
1571995996,3,22,3,"CA,C10,C2,C6;S3,S9,S2,S8;C4,C9,C8,C3;D2,D5,D4,D3;SA,D8,D7,D6;HQ,DJ,HK,D9;H10,DQ,HJ,D10;CK,H3,H2,H4;CQ,HA,SJ,DK;CJ,H8,S7,DA;C7,H5,S6,H9;S10,H7,S4,SQ;C5,H6,S5,SK"
1571995996,3,4,3,"C2,CQ,C10,CA;S5,S2,S3,S7;C4,C6,C7,C3;SJ,S4,S8,SK;C5,H10,HQ,CJ;C8,H7,HJ,CK;D5,D3,D2,D8;D10,D6,D4,DJ;DA,D7,D9,DK;C9,H2,H9,HA;H8,DQ,H3,H4;SQ,S6,S10,HK;SA,S9,H6,H5"
1571995996,3,0,3,"CJ,C2,CQ,CA;S3,S2,S4,S6;C4,C3,C10,C8;S9,S5,S7,HA;S10,S8,SJ,HQ;DQ,D5,D6,D2;C5,C6,SA,C9;DA,HK,D8,D3;H4,H8,H3,H2;SQ,C7,DK,H10;SK,CK,DJ,H6;H9,H5,D10,D7;HJ,H7,D9,D4"
1571995996,3,0,3,"CA,C10,C2,CQ;S2,S3,SQ,S4;CK,C5,C7,C3;D5,DA,D2,D4;D6,D8,D3,SK;D7,D9,DQ,H3;DJ,D10,DK,CJ;S10,S5,SA,S8;H5,H4,H2,C9;SJ,S6,HJ,S9;H6,HQ,H8,C8;HK,S7,H10,C6;H7,HA,H9,C4"
1571995996,3,12,3,"CK,C10,C8,C2;S8,S3,S2,S5;C4,C9,C6,C3;SQ,S4,SK,S10;D3,D2,D5,D4;D7,D6,DJ,D10;D9,D8,DA,DQ;H8,S6,SA,SJ;H4,H7,H2,HA;H6,H10,HQ,DK;C5,H9,HJ,C7;CJ,S9,H5,CA;CQ,S7,H3,HK"
1571995996,3,4,3,"CK,CA,C2,C9;SJ,S2,S6,S3;C3,C6,C7,C4;SQ,S4,S9,S5;D5,D2,D4,D8;DA,D3,D6,DJ;SK,S8,HQ,S7;C5,C10,C8,SA;HA,D7,D9,DQ;HJ,H10,H4,S10;H6,H7,H2,H3;H9,D10,DK,HK;CQ,H8,CJ,H5"
1571995996,3,2,3,"CK,SK,CA,C2;SJ,S2,S6,S3;C5,HA,C4,C3;C6,HJ,C9,CJ;H10,S5,S8,S4;H7,S7,S9,HK;H3,H8,S10,H9;C7,H5,C10,CQ;D2,D3,D4,D5;D6,D10,SQ,D7;DJ,DQ,SA,D8;DA,H2,H6,DK;C8,H4,HQ,D9"
1571995996,3,20,3,"C10,C2,C9,CA;S5,S2,S7,S3;S6,S4,S8,S9;C4,C7,C3,C6;D7,D2,D4,SA;SJ,HA,S10,SK;C5,HK,C8,CJ;SQ,H10,H6,CQ;H8,H9,H5,CK;H4,H2,DA,H3;D9,D3,D5,HQ;DQ,D6,D8,HJ;DK,DJ,D10,H7"
1571995996,3,5,3,"CK,C6,C2,CQ;S2,S5,SJ,S6;C5,C3,C8,C4;C7,SQ,C10,H9;C9,HK,CJ,H4;SA,HQ,CA,H2;D4,D3,D2,DA;D5,D10,D6,D8;D7,DK,DQ,D9;S3,S7,SK,S8;H6,H3,H5,DJ;S4,H10,HJ,S9;HA,H8,H7,S10"
1571995996,3,17,3,"CK,CA,C2,C9;S2,S3,S4,S9;C5,C10,C4,C3;S7,S6,S5,SQ;C8,CJ,SK,C6;H8,CQ,HK,C7;D7,D2,D4,D3;D8,DA,D5,D10;S10,S8,H6,HA;D9,SA,D6,DK;H2,H3,H4,H7;DQ,H10,H5,H9;SJ,HQ,DJ,HJ"
1571995996,3,7,3,"C2,CA,CJ,CQ;HQ,S4,S3,S2;HJ,S6,S5,S8;H10,S7,S10,SJ;C5,C4,C3,C7;CK,C6,SQ,C8;D4,D3,D6,D2;D5,D8,D7,DA;H6,S9,HK,SA;H2,SK,H3,H4;H5,D9,H9,H7;D10,C10,DQ,HA;DJ,C9,DK,H8"
1571995996,3,0,3,"CK,CA,CQ,C2;S5,S2,S9,S4;C3,C9,C7,C4;S7,S3,SK,SJ;C6,CJ,C8,C5;S8,S6,SA,H10;D3,D2,D4,DK;D6,D5,D8,D9;D7,DJ,HK,D10;HQ,S10,HJ,H9;DA,H6,H3,H2;DQ,HA,H4,H5;C10,SQ,H8,H7"
1571995996,3,20,3,"CQ,CA,CK,C2;S2,S4,S5,S3;S8,SJ,S6,SQ;CJ,C3,C4,C6;C7,C5,C10,SA;D2,D4,D5,D3;D6,DQ,D8,D7;C9,C8,SK,HA;D9,HK,H10,D10;DJ,H7,H8,DK;HQ,H6,H3,DA;HJ,H2,S9,H4;S10,H5,S7,H9"
1571995996,3,21,3,"CQ,C2,C6,CK;SJ,S5,S3,S2;C3,C4,SQ,C8;C5,CJ,HK,C9;C7,CA,HJ,HA;DJ,D3,D6,D2;DA,D5,D8,D4;SA,S8,S4,S6;C10,SK,H6,H9;H2,H3,DQ,H4;HQ,D7,S10,D9;H8,H10,S9,D10;H7,H5,S7,DK"
1571995996,3,0,3,"C2,CA,CQ,C5;S7,S2,S5,S4;C3,C6,C8,SQ;C4,CK,C9,HA;D4,D3,DK,D2;C7,SA,C10,HK;SK,HJ,CJ,HQ;D5,DQ,D8,DA;H10,S3,SJ,S6;D6,H8,D9,H9;D7,H5,DJ,H6;H3,H4,H2,S10;D10,S9,H7,S8"
1571995996,3,5,3,"CJ,C2,CK,CQ;S4,HA,S3,S2;S7,HJ,S5,S9;S8,H10,S6,SJ;C4,C3,SA,C7;C6,C5,SK,C10;D3,D5,D2,D4;C8,CA,HK,SQ;D7,D9,D6,D10;H5,DQ,D8,DJ;H4,DA,H9,DK;C9,H2,H7,H3;S10,H6,H8,HQ"
1571995996,3,10,3,"CQ,CK,SK,C2;S4,S2,S3,S8;S9,S5,S6,S10;SA,HK,S7,SJ;C5,C3,SQ,C4;C6,C9,HA,C7;D4,DJ,D2,D5;D9,DQ,D3,D7;D10,DK,D6,H10;H4,H2,H3,H8;C8,HQ,H5,C10;HJ,H9,DA,CJ;H6,H7,D8,CA"
1571995996,3,1,3,"CQ,C2,CK,CJ;S5,S4,S3,S2;S8,SQ,S7,S6;C3,C9,C4,C7;C5,C10,SA,C8;C6,CA,H10,HA;D3,D2,D6,D8;D7,D4,D10,DJ;SK,D5,H9,DK;S10,HQ,SJ,S9;H2,DA,H4,H3;HJ,DQ,H5,H6;HK,D9,H8,H7"
1571995996,3,9,3,"C2,C8,C6,CA;SJ,S7,S2,S3;C7,C4,HQ,C3;CK,C5,H9,C9;D2,D8,D3,SQ;D4,DK,D6,SK;HA,S9,S4,S5;H8,SA,S6,S10;DA,H3,H2,H10;DJ,HJ,H6,C10;D10,H7,DQ,CJ;D9,H5,D7,CQ;D5,H4,S8,HK"
1571995996,3,21,3,"CK,CA,C2,CQ;S5,S4,S2,S7;C8,C5,C6,C3;S8,S6,S3,H10;C7,SK,SA,C4;D2,D3,D4,D7;SQ,HK,HA,C9;D8,D5,D6,D10;D9,HQ,DJ,DK;H9,HJ,H8,C10;H6,H7,DQ,CJ;H3,H5,SJ,H2;DA,S10,S9,H4"
1571995996,3,3,3,"C2,CA,C10,CQ;S2,S3,S6,S4;S7,S8,S9,S5;SQ,SJ,S10,HQ;C5,C4,C3,HJ;CK,C6,C7,H10;D6,D4,D7,D2;SK,H5,SA,H9;H4,DK,H2,H8;D9,DQ,HA,D3;HK,C8,H7,D10;DA,C9,H6,D8;DJ,CJ,H3,D5"
1571995996,3,2,3,"C2,C9,CQ,CA;S2,S10,S3,S4;C3,C6,C4,C5;C10,C7,C8,CK;S7,HA,S8,S5;D4,D3,D8,D2;D6,D9,DJ,D5;H6,H4,H2,H5;SJ,HK,SA,S6;H10,H7,H3,SQ;CJ,HJ,HQ,SK;D7,D10,H9,DK;DQ,DA,H8,S9"
1571995996,3,0,3,"CK,C2,CA,C8;S4,SK,S10,S2;C4,C3,C6,HA;S8,H10,SJ,S3;CJ,C5,C7,HK;S9,H9,SQ,S5;SA,CQ,C9,HQ;D3,D10,D2,D9;D6,DJ,D4,H7;D8,DQ,D5,H6;HJ,H3,H2,H4;DK,H8,D7,S7;DA,H5,C10,S6"
1571995996,3,0,3,"CA,C2,CK,C5;C4,CQ,C6,C3;SK,S7,S2,S4;C9,C7,C8,SA;C10,SQ,HA,HQ;CJ,H10,HK,HJ;D4,D3,D2,D5;D6,DA,D7,DQ;H5,SJ,S3,S5;H3,H4,H8,H2;D8,H9,D9,S9;D10,H7,DJ,S8;DK,H6,S10,S6"
1571995996,3,8,3,"CQ,C2,CA,CJ;S2,SQ,S9,S4;SK,C5,C3,C4;HQ,C8,C6,C9;D4,D2,D8,D9;D5,D3,DQ,DA;S3,HA,SA,S7;H10,CK,C7,HJ;D7,D6,HK,H8;S5,H5,H9,S8;S6,DK,H4,S10;H2,DJ,H3,H6;SJ,D10,C10,H7"
1571995996,3,12,3,"CQ,CJ,C8,C2;S2,S3,S7,S8;S4,S5,S9,S10;HQ,S6,SA,SJ;C3,C9,C4,CA;C5,C10,C6,CK;D2,D3,D4,D8;D6,D5,DQ,D9;D7,D10,DA,SQ;H5,H2,H3,HA;H8,H6,HJ,SK;DJ,H4,H7,H9;C7,DK,H10,HK"
1571995996,3,1,3,"C2,C7,CK,CA;S6,S10,S4,S2;C5,C3,H8,C4;C8,C6,H7,CQ;HA,SQ,S5,S3;D3,D2,D6,D8;D4,D5,D7,D10;DK,DJ,D9,DQ;C9,SA,H6,H9;C10,SK,H5,H3;CJ,HQ,H2,SJ;H10,H4,DA,S9;HK,HJ,S7,S8"
1571995996,3,22,3,"C2,CK,C7,CA;S7,S9,S5,S2;SA,S10,S8,S3;C4,CQ,C3,C5;C8,C6,SQ,CJ;D4,D2,D10,D3;D7,D6,DQ,D5;H10,HA,SJ,S4;H9,HQ,SK,S6;H4,DK,H2,H8;H7,D8,HJ,DJ;H6,D9,H5,DA;C9,C10,H3,HK"
1571995996,3,12,3,"C2,C10,D10,CA;S2,S3,S5,S4;S6,S10,S8,S7;C3,C4,HK,C5;HA,SQ,SJ,S9;DK,D9,D2,D7;DA,DQ,D3,DJ;C7,C6,H9,CQ;H10,H8,H2,SK;H6,H7,D8,SA;C8,C9,D6,CK;H5,H3,D5,HJ;CJ,H4,D4,HQ"
1571995996,3,12,3,"C2,CQ,CJ,CA;S2,S4,S10,S6;S3,S5,SJ,S7;C9,SQ,C3,C5;C10,SK,C4,C6;D6,D3,D10,D2;SA,H10,C7,C8;HA,H8,HK,CK;D8,D7,DQ,D4;HQ,D9,DA,D5;H2,DK,H4,H6;H9,S9,HJ,DJ;H3,S8,H5,H7"
1571995996,3,3,3,"C10,C2,C3,CA;S4,S6,S2,S5;C8,C5,HJ,C4;S8,SQ,S3,S10;C9,C6,H9,C7;D2,D4,D3,D7;SK,HQ,S7,SA;HA,CJ,H4,CQ;H3,H7,D8,H2;H10,CK,D6,HK;DJ,D9,D5,H8;DQ,D10,SJ,H6;DA,DK,S9,H5"
1571995996,3,13,3,"C2,CA,C8,C10;S8,S2,S4,SQ;C3,C7,C6,C4;C9,CK,SA,C5;D2,D3,D4,D9;D6,D5,D7,D10;DA,D8,DJ,DQ;S9,S3,S7,SK;H5,H6,H3,H2;S10,S5,SJ,HK;HJ,HQ,DK,H8;CQ,H9,H10,H4;CJ,S6,HA,H7"
1571995996,3,2,3,"C2,CA,CK,CJ;S3,S8,S2,S4;S6,S9,S7,S5;SA,S10,SJ,SK;C4,C10,C3,HA;D8,D3,D2,D4;C5,SQ,C7,H7;C6,HK,C9,H6;C8,HQ,CQ,H4;H10,D7,D6,D5;H9,DJ,D9,DK;H5,DQ,D10,DA;H2,H8,HJ,H3"
1571995996,3,13,3,"C2,CK,C7,CJ;S2,S3,S6,SQ;C8,C10,C4,C3;D7,D5,D4,D2;DJ,D6,DK,D3;DQ,SA,DA,D8;S5,S4,SJ,HA;S7,S8,SK,H3;H2,H4,H7,D10;H5,H10,H8,D9;H6,S9,HK,C9;CA,S10,HJ,C6;CQ,HQ,H9,C5"
1571995996,3,2,3,"CA,CQ,C10,C2;S2,S3,S9,S7;S5,S4,SJ,SA;CJ,C3,C4,C5;S10,S6,SK,HA;SQ,C8,C6,C7;D7,D5,D2,D3;DQ,D8,D4,D6;H4,H3,HJ,H2;HK,HQ,C9,CK;H7,D10,DJ,D9;H6,H9,DK,H10;H5,S8,DA,H8"
1571995996,3,5,3,"CK,C2,CQ,C10;C5,CJ,C3,HK;SQ,S2,SJ,S3;D7,D2,D3,D5;D9,D8,D4,D10;DK,HA,D6,DJ;DA,H10,DQ,H8;SA,S4,SK,S6;C6,CA,C4,H7;HJ,S5,HQ,S8;C9,S7,H9,S9;C8,H3,H6,S10;C7,H2,H5,H4"
1571995996,3,3,3,"CA,C2,CK,CJ;S2,S3,S8,S7;S4,S5,SJ,S9;C6,C4,C3,C5;S6,HK,SQ,S10;C7,C9,C10,HJ;D2,D8,D3,D4;D5,DA,DJ,D6;C8,CQ,SK,H10;H5,H3,HA,H2;D9,HQ,DK,D7;SA,H4,H6,H7;DQ,H8,H9,D10"
1571995996,3,17,3,"C2,C8,CK,CA;S2,S3,S4,S10;S5,S8,S9,SJ;DJ,D3,D6,D2;S6,SK,SQ,SA;D7,D5,DK,D4;D8,HK,DA,D9;C7,C3,C6,HA;D10,H8,HQ,DQ;H2,H4,HJ,H3;CQ,C4,C9,H10;S7,H6,CJ,H9;H5,C5,C10,H7"
1571995996,3,24,3,"CQ,C2,C9,CK;S3,S2,S7,S4;C7,CA,C4,C3;S8,SJ,SK,S5;HA,SA,C5,C8;S10,HJ,HQ,S6;D3,D2,D5,D6;HK,H8,H6,S9;H10,DA,C6,C10;H9,DQ,H4,CJ;DJ,D4,D7,DK;H2,D10,H3,H7;H5,D8,D9,SQ"
1571995996,3,17,3,"SA,C2,CA,CQ;S6,S8,S2,S3;SQ,C4,C3,C5;D4,DK,D2,D3;D5,DA,D6,D10;H9,C10,C7,C6;H3,CK,SK,C8;DJ,H4,H2,H6;D9,HA,D7,DQ;S7,HK,HQ,S4;S9,HJ,H7,S5;S10,H10,H5,CJ;SJ,H8,D8,C9"
1571995996,3,12,3,"C9,CA,C2,CK;S2,S5,S4,S3;S8,S6,S10,S7;S9,HJ,SJ,SA;C3,C7,CJ,C4;D2,D5,D3,D4;C6,C10,SQ,C5;D6,D9,DK,D7;H5,H3,H2,HK;C8,H10,HA,CQ;D10,DQ,H7,D8;SK,H8,H4,HQ;DJ,H9,H6,DA"
1571995996,3,21,3,"CQ,CK,C10,C2;S4,S6,S3,S2;S10,SJ,S7,S5;C8,C4,C3,C6;D4,DK,D2,D5;SQ,C5,HQ,C7;H10,C9,HJ,CJ;H9,SA,DJ,CA;D6,SK,D3,D10;H8,HA,D7,DQ;H5,HK,D8,DA;H4,H7,S9,S8;H3,H2,D9,H6"
1571995996,3,21,3,"CA,CK,C2,CJ;S5,S3,S2,S6;S7,HK,S4,S10;C3,C4,SQ,C9;HJ,C5,SA,C10;D2,D10,D7,D6;D3,DJ,D8,DK;D4,DQ,D9,DA;SJ,H5,S8,SK;H2,CQ,H4,H3;H9,C8,S9,HA;H7,C7,H6,H10;D5,C6,H8,HQ"
1571995996,3,0,3,"C9,CA,C2,SA;S5,S2,S4,S3;S8,S6,S9,S10;D3,DA,D7,D2;SJ,S7,SK,SQ;C5,C3,C10,HA;D6,HJ,D8,D4;DQ,H5,DJ,D5;C6,C4,H10,HK;C7,C8,H9,H8;HQ,CJ,H4,H6;H7,CQ,H3,D10;H2,CK,DK,D9"
1571995996,3,5,3,"C9,C2,CK,C8;S2,S4,SJ,S3;SA,C4,C3,C5;S7,S6,SQ,S5;H7,CJ,C6,C7;D2,D6,D4,D7;D3,D10,D5,DK;S8,S10,HQ,S9;H3,SK,H10,HA;DQ,CQ,C10,HK;DJ,CA,H6,HJ;D9,H2,H5,H8;D8,H4,DA,H9"
1571995996,3,5,3,"C8,CA,C5,C2;S5,S6,S8,S2;S9,S7,S10,S3;SA,HQ,SJ,S4;C7,C3,SQ,C4;D3,D6,D2,D7;HJ,C6,SK,C9;H10,C10,HA,CJ;H9,CQ,HK,CK;D4,DQ,D9,D8;H3,H2,H4,DA;D5,H7,DK,D10;H6,H5,H8,DJ"
1571995996,3,1,3,"C2,CQ,CK,C7;S3,S2,S9,S6;D2,D9,D3,D6;S5,S4,SA,S10;DK,D10,D4,D8;S8,S7,HK,SJ;C4,C9,H10,C3;C6,C10,H9,C5;HQ,H2,H4,H8;C8,HA,H7,SQ;SK,H6,DJ,HJ;CJ,H5,D7,DA;CA,H3,D5,DQ"
1571995996,3,2,3,"C2,CQ,CA,CJ;H10,S2,S4,S3;H5,S6,S5,S7;H3,S9,SQ,S8;D3,D8,D6,D2;D7,D9,SA,D4;DK,D10,SK,D5;DA,DJ,HA,DQ;C3,HK,C4,C10;CK,H6,H2,H4;C8,S10,H8,HQ;C7,SJ,C9,H9;C6,HJ,C5,H7"
1571995996,3,23,3,"CA,C2,CQ,C9;S7,S2,S4,SQ;C3,C5,C7,C8;D7,D6,D5,D2;S10,S3,S6,SK;HJ,SA,D8,D3;H7,HA,D9,D4;H4,HK,D10,DJ;H3,H6,H10,DQ;CJ,H2,H9,DK;C10,CK,H5,DA;C4,C6,S9,H8;SJ,S5,S8,HQ"
1571995996,3,17,3,"CA,C9,C2,CK;S5,S4,S2,S7;S6,SJ,S3,S8;CQ,C3,C10,C6;S9,SQ,S10,SK;D3,D4,D2,D5;D6,D8,DK,D7;HJ,H3,SA,HA;H5,DA,H2,H4;D9,D10,HK,H6;DJ,DQ,HQ,CJ;H10,C4,H8,C7;H9,C5,H7,C8"
1571995996,3,2,3,"CK,C2,CQ,DJ;S4,S7,S2,S3;SJ,S8,S10,S5;C7,C3,C4,HA;C8,C5,C6,HQ;CJ,C10,C9,H9;D3,DA,D2,D4;SA,CA,SQ,H8;D5,DK,D6,D7;H5,H4,H2,D10;D8,HK,H10,D9;SK,HJ,H7,S6;DQ,H6,H3,S9"
1571995996,3,1,3,"C2,CK,C10,CA;CQ,C6,C4,C3;S8,S3,S2,SA;HA,CJ,C5,C7;H8,S5,S4,HQ;H7,S9,S6,HJ;D2,D5,H5,D3;D4,D7,H4,D8;D6,DJ,C9,D9;H2,H10,C8,H3;H6,HK,SJ,H9;DK,SQ,S7,DA;D10,SK,S10,DQ"
1571995996,3,0,3,"C2,CA,CK,C5;S3,S5,S2,S10;C6,C7,C4,C3;S4,S7,S6,HA;S9,SJ,S8,HK;C9,CQ,C8,H10;D7,D6,D2,D5;C10,SA,SQ,H9;CJ,SK,DA,H8;D9,DK,D3,DQ;H6,H4,DJ,H2;D10,HQ,D4,H5;HJ,H7,D8,H3"
1571995996,3,2,3,"CK,CA,C10,C2;S3,SJ,S4,S2;C3,C5,C9,SQ;D4,D2,D3,D10;SK,HK,S5,S7;D6,D5,D9,SA;DQ,D7,DJ,HA;C4,C7,H8,HQ;H3,D8,DK,H9;CQ,HJ,S6,S8;CJ,H10,S9,S10;C8,H2,H5,H4;C6,DA,H7,H6"
1571995996,3,11,3,"CJ,C2,CK,CA;S4,S3,S2,S9;C5,C4,C7,C3;S5,SA,S6,SQ;HK,C8,HJ,C6;HQ,C9,H5,C10;H9,H8,H3,CQ;DJ,D3,D2,D4;D7,D8,D5,D9;D10,DQ,D6,DK;S8,H7,S7,SK;H4,H2,DA,H10;SJ,H6,S10,HA"
1571995996,3,7,3,"C9,CA,C2,C10;S2,S10,S4,S3;C5,C6,C3,C4;SQ,C8,C7,H6;SA,CJ,CQ,H4;SK,HK,CK,H3;DQ,D2,D9,D4;S5,HQ,S9,S7;HA,D3,D10,D6;H9,D5,DJ,DK;H5,D7,HJ,DA;S6,H8,H10,S8;H2,D8,H7,SJ"
1571995996,3,0,3,"CQ,C2,CK,CJ;S9,S2,S5,S3;SJ,S10,HA,S4;C5,C3,C4,SK;C10,C8,C6,HK;D4,D3,D6,D2;SA,C9,C7,HQ;H7,CA,H10,H8;D5,D8,D7,DJ;H3,SQ,H9,S6;D10,DQ,D9,H6;DA,H5,H2,S8;DK,HJ,H4,S7"
1571995996,3,13,3,"C5,C2,C8,CK;S5,S2,S6,S3;C3,C6,C4,CQ;HA,C9,C7,C10;DQ,CA,SQ,CJ;D5,D7,D2,D4;D6,D9,D3,DA;S7,S4,SK,SA;D10,H4,H2,H6;SJ,H5,H3,H10;S10,H7,H9,HJ;S9,H8,DK,HQ;S8,DJ,D8,HK"
1571995996,3,9,3,"C2,CK,CJ,CQ;S9,S5,S2,S3;C5,C3,C6,C10;SQ,HA,S10,S4;C8,C4,C9,SA;D3,D6,D7,D2;D4,DK,D10,D8;CA,C7,HJ,SK;D5,H10,H9,DQ;HK,H8,SJ,S6;DA,H3,H2,HQ;DJ,H7,H6,S7;D9,H4,H5,S8"
1571995996,3,15,3,"CJ,C2,C7,CK;S7,SK,S2,S4;C4,C5,C3,C10;S8,SA,S3,S6;C6,C8,SQ,CQ;D2,D5,D7,D9;D3,D6,DQ,DA;HA,H10,S5,SJ;HQ,H3,H4,H2;D4,DJ,DK,HK;H6,H7,S9,HJ;D10,CA,S10,H9;D8,C9,H8,H5"
1571995996,3,3,3,"CQ,CK,CJ,C2;S3,S2,S7,S5;HJ,C3,C7,C6;H9,C4,C8,C9;S4,HK,SQ,S6;D3,D4,D2,D6;S9,H7,SK,S8;D8,D7,D5,SA;D9,DQ,D10,H10;DJ,DA,DK,H5;H8,C5,HA,CA;SJ,H4,HQ,S10;H6,C10,H3,H2"
1571995996,3,4,3,"CK,CJ,CA,C2;S3,S6,S2,S8;C4,C3,C8,C6;S4,S9,S5,HA;S7,SJ,S10,H10;C9,C5,CQ,C7;D7,D4,D10,D2;DK,D5,DQ,D3;C10,SA,SQ,H6;H3,H4,H2,H5;HK,DJ,SK,D6;H8,DA,HQ,D8;H7,H9,HJ,D9"
1571995996,3,0,3,"CQ,C2,C10,CJ;S8,S4,S3,S2;C5,C3,C4,HA;C7,CK,C6,HK;SQ,S6,S5,H10;D2,D4,D3,D5;DJ,DQ,DK,D6;SA,SJ,S7,H9;C8,CA,HQ,H5;HJ,DA,H4,D7;H8,SK,S9,D10;H3,H6,H2,D9;C9,H7,S10,D8"
1571995996,3,0,3,"CA,C4,CK,C2;C5,C3,C8,C7;SA,S3,S2,S4;C6,SQ,C9,HA;D2,D4,D3,DA;D7,D9,D6,D5;DQ,D10,D8,HQ;DK,DJ,SK,HJ;C10,H4,HK,H9;CJ,SJ,H10,H7;CQ,S9,H2,H5;H6,S7,S8,H3;H8,S6,S5,S10"
1571995996,3,0,3,"CA,CQ,C2,CK;S2,S3,S4,S6;C3,C6,C5,C9;C4,C8,C7,C10;D4,D5,D3,D2;SQ,S5,S7,HK;D6,D8,SA,D7;D9,DK,SK,D10;HQ,S10,S8,H8;H10,SJ,S9,H3;H5,CJ,HJ,DA;H2,H7,H6,DQ;H4,HA,H9,DJ"
1571995996,3,1,3,"CA,C2,C10,CQ;S4,S2,S7,S3;S5,S8,S9,S6;HA,SJ,S10,SA;CJ,C6,C4,C3;C8,C7,C5,H10;D2,DA,D5,D3;HK,CK,C9,H9;DQ,D6,D8,D4;DK,D7,D9,D10;H2,HJ,H6,H3;H5,H7,HQ,H4;H8,SQ,SK,DJ"
1571995996,3,2,3,"CJ,CA,C10,C2;S9,S2,S5,S7;C5,C3,HA,C4;C6,C7,HQ,CQ;C8,SA,H9,CK;D2,D5,D9,D3;SK,S3,S8,SQ;C9,HK,H6,HJ;D4,DA,D10,D6;D7,DQ,H5,DJ;H2,S4,S10,H8;DK,S6,SJ,H7;D8,H10,H3,H4"
1571995996,3,0,3,"CJ,C2,CA,CK;S4,S2,S8,S3;H9,S6,S9,S5;C6,C5,C3,C4;C10,C8,SA,C7;D3,D2,D7,D9;H7,SJ,HJ,S7;H5,C9,H10,SQ;D4,D8,D10,HA;D5,SK,DJ,HK;D6,HQ,DQ,H6;DA,H8,H3,H2;DK,CQ,H4,S10"
1571995996,3,4,3,"C10,CA,C2,CK;C4,C3,C6,C5;S6,SQ,S2,S3;HK,C7,HQ,CJ;H10,C8,HJ,CQ;D5,D2,DA,D3;SJ,SK,S7,S4;H7,C9,H8,SA;D7,D6,H6,D4;D8,DJ,H4,H9;D9,DK,H3,S10;DQ,H5,H2,S8;D10,HA,S9,S5"
1571995996,3,2,3,"CJ,C2,CA,CK;S6,S4,S5,S2;S7,S9,S8,S3;C9,C3,C4,C6;SJ,SQ,SA,S10;SK,C5,C7,C10;HA,HK,C8,CQ;D3,D4,D2,D6;DJ,D7,D5,D8;H4,H2,H5,H3;HQ,DK,D10,D9;H10,DA,DQ,H8;H9,H7,HJ,H6"
1571995996,3,0,3,"CJ,CA,C2,C9;S4,S3,S5,S2;C4,C3,C6,SK;C8,C5,C7,HQ;S6,S10,H8,S7;D10,D4,D2,D3;S8,SQ,H4,SJ;DK,D8,D6,D5;S9,SA,DA,H6;H2,H5,D9,H3;H9,H7,CK,DQ;HJ,H10,CQ,DJ;HK,HA,C10,D7"
1571995996,3,26,3,"C7,C10,CA,C2;S3,S5,S6,S2;S4,HQ,S9,S7;C3,C4,C6,CK;SJ,H9,SA,S8;SQ,C5,C9,SK;H8,C8,CJ,HK;H5,H6,CQ,H10;D5,D10,D2,D3;D9,DJ,D6,D4;DQ,DA,D8,D7;H2,H3,HA,H7;DK,H4,HJ,S10"
1571995996,3,4,3,"CA,C2,CK,C6;S4,S2,SK,S3;C4,C5,C10,C3;D4,D2,D5,D3;DJ,D6,D7,DQ;S8,S6,HK,S5;SJ,S9,H10,S7;C7,C9,H7,SQ;H9,SA,H6,S10;C8,CJ,DA,HA;H2,H4,D10,H3;DK,H5,D9,H8;CQ,HJ,D8,HQ"
1571995996,3,20,3,"CK,C2,CA,CQ;S4,S5,S2,S3;S9,S8,S7,S6;C5,C9,C3,C4;SQ,SJ,S10,SA;C7,H10,CJ,C6;DQ,D4,D3,D2;SK,H8,HQ,HJ;C8,H7,H6,C10;HA,D8,D6,D5;HK,DK,D7,D10;H4,H2,DJ,H9;H5,H3,D9,DA"
1571995996,3,9,3,"C2,C9,CQ,CA;S2,SQ,S3,S8;C7,C5,C6,C3;CJ,HK,C8,C4;D2,D3,DK,D6;S5,HQ,S4,SK;H7,H10,C10,CK;D9,D4,SA,D8;DJ,D5,HJ,D10;DQ,D7,H4,DA;H3,H2,S10,H5;SJ,H8,S9,H6;S7,H9,S6,HA"
1571995996,3,26,3,"C2,C6,CK,CQ;S4,S9,S3,S2;D5,D2,DJ,D3;S7,HK,S6,S5;C9,HQ,C3,C4;C10,H10,C5,C7;CA,H3,C8,CJ;D9,D4,D7,SQ;DA,D6,H9,HJ;SK,DK,S8,S10;SA,DQ,SJ,H6;H7,D10,H4,H2;HA,D8,H8,H5"
1571995996,3,20,3,"CQ,C2,CJ,CA;S3,S6,S4,S2;C7,C3,C5,C6;S5,HA,S8,SQ;C10,C4,SA,C8;D8,D5,D6,D2;D9,D7,D10,D3;HQ,DK,DJ,D4;H8,DA,SK,DQ;SJ,CK,H6,C9;S10,H2,H3,H9;S9,H7,H4,H10;S7,HK,H5,HJ"
1571995996,3,6,3,"C2,C9,CJ,CQ;S2,SJ,S4,S5;C3,C4,SK,C10;S3,HA,S8,S6;SA,HK,S9,S7;C5,C6,HQ,SQ;CK,C7,H6,HJ;CA,C8,H2,H10;D3,D2,D6,DJ;H4,H9,DA,S10;H3,DK,D9,H5;DQ,D10,D8,H7;D4,D5,D7,H8"
1571995996,3,13,3,"C2,C10,CQ,CJ;S4,S3,S2,S6;CA,C3,C4,C5;S5,SJ,S8,HK;D6,D2,D3,D4;S7,SK,S10,HQ;D8,D5,SQ,DJ;DK,D7,SA,DA;C9,HA,C8,C6;S9,H2,H10,H8;CK,DQ,H9,C7;H6,D10,H3,H4;HJ,D9,H5,H7"
1571995996,3,10,3,"C2,CQ,CJ,C10;S2,S4,S3,S7;S5,S6,S9,S8;SK,SJ,S10,HJ;CK,C8,C6,C3;CA,SQ,SA,C4;D6,D2,D3,D7;D9,D4,D5,DK;H8,HK,HA,C5;H4,H9,HQ,C7;DA,H3,H10,C9;DJ,DQ,H5,H2;D10,D8,H6,H7"
1571995996,3,0,3,"CK,CJ,C2,CA;S3,S5,S2,S4;S9,S8,S6,S7;C8,C4,C3,HQ;D3,D2,D4,D5;D7,DJ,DQ,D6;SA,S10,SJ,HJ;D10,HA,DA,D8;H9,C6,C5,H10;H6,C7,CQ,H7;H2,HK,H8,H3;H4,C9,SQ,H5;DK,C10,SK,D9"
1571995996,3,3,3,"CQ,CA,CK,C2;SK,S2,S4,S5;C4,C3,C5,SQ;C6,HJ,CJ,SA;D3,D2,D5,DA;D6,D4,D7,DJ;D8,D9,D10,DQ;H9,H10,HA,DK;H5,H6,H2,H3;C10,S3,S7,HK;C9,S6,S8,H8;C8,S9,S10,H7;C7,SJ,HQ,H4"
1571995996,3,23,3,"CJ,C2,CQ,CA;S2,S5,S3,S6;S4,SK,S7,S8;D6,D2,DA,D4;S9,SA,SJ,S10;D8,D3,D7,DJ;C9,HJ,C4,C3;C10,H7,C7,C5;D9,D5,DQ,HA;H2,H4,H3,H10;SQ,H5,HK,C6;HQ,DK,H8,C8;H9,D10,H6,CK"
1571995996,3,3,3,"C10,CJ,CK,C2;S3,S9,S4,S2;S6,S10,S8,S5;C5,C4,SQ,C3;D4,D2,D6,D5;D9,D3,DJ,D7;H2,H4,H3,SA;C6,C8,HA,CQ;C7,HJ,HK,CA;H8,D10,HQ,D8;C9,DA,H9,DQ;SJ,H7,H5,SK;S7,H10,H6,DK"
1571995996,3,8,3,"C7,C2,CK,CQ;S3,S2,S7,S4;HA,C4,C5,C3;H10,C6,C8,C10;D2,D7,D4,DQ;D3,D8,DJ,DK;H3,D10,H2,H4;DA,D9,H5,H6;D6,CA,H9,H7;D5,C9,CJ,SQ;S6,S5,SA,SK;S10,SJ,HJ,H8;S8,S9,HQ,HK"
1571995996,3,21,3,"C4,CJ,C2,CA;S3,S8,S9,S2;SQ,C6,C3,C9;HQ,C7,C5,CK;D7,D2,D8,D3;DJ,D5,D9,D4;DK,DA,D10,D6;S4,SA,HA,S5;H9,H2,H6,H4;S6,HK,HJ,SJ;H10,H7,CQ,DQ;S7,H5,C10,SK;S10,H3,C8,H8"
1571995996,3,0,3,"CA,C10,C2,C7;S9,HK,S6,S2;S10,H8,S7,S3;SJ,H6,S8,S4;C6,C4,C5,C3;CJ,C9,C8,SK;CK,H5,CQ,HA;D5,D3,D6,D2;D7,DJ,D8,D4;D9,DQ,D10,DA;HQ,H4,SQ,S5;HJ,H3,DK,H9;H10,H2,SA,H7"
1571995996,3,0,3,"C10,C2,CK,CA;S2,S6,S4,S3;S5,S9,S10,S7;C5,HA,C4,C3;S8,SJ,SK,H9;SQ,HQ,C7,C6;D3,D2,DA,D5;HJ,H5,SA,H2;H7,DK,C9,C8;H6,DQ,CQ,CJ;H3,DJ,H8,D10;H4,D8,H10,D9;D7,D4,HK,D6"
1571995996,3,12,3,"C2,CA,CQ,CJ;S3,S10,S9,S2;C4,C6,C8,C3;CK,C9,C7,C5;S5,HK,SA,S4;D2,D6,D4,D3;D8,DK,D5,D7;DJ,DA,D9,SQ;H9,H2,H4,H10;S6,H7,HJ,S8;S7,H6,H8,SJ;SK,H5,DQ,C10;HQ,H3,D10,HA"
1571995996,3,0,3,"C2,CA,C9,CQ;S2,S6,SQ,S3;C4,C3,C5,C10;D4,D6,D2,D5;D7,D9,D3,SA;S5,S9,HA,S4;HK,S10,H6,S7;HQ,SJ,H4,S8;C7,CJ,DA,C6;C8,CK,DK,SK;H10,H2,DQ,H3;D10,H9,D8,H8;HJ,H5,DJ,H7"
1571995996,3,0,3,"CK,C2,CA,D10;S6,HJ,S5,S2;S7,H8,SK,S3;C3,C6,C5,SQ;D4,D2,D3,D5;DJ,D6,D9,D7;S8,H6,SA,S4;C4,C7,C8,H10;HA,D8,DQ,H9;HK,H5,DK,H3;HQ,CQ,DA,H2;C10,CJ,H4,SJ;S9,C9,H7,S10"
1571995996,3,0,3,"C2,CA,CK,C10;S4,S8,S2,S5;C4,CJ,C5,C3;C7,CQ,C6,C8;D8,D2,D3,DK;S10,H10,S3,S9;DJ,D5,D4,SQ;DQ,D6,DA,HQ;SK,H7,S6,SJ;SA,H5,S7,H9;H3,D10,H4,H2;HK,D9,H8,H6;HA,D7,HJ,C9"
1571995996,3,3,3,"CA,CQ,C2,CK;S6,SJ,S2,S5;C4,C9,C5,C3;C6,C10,HA,C7;C8,CJ,HJ,SQ;D3,D5,D4,D2;D7,D6,DK,D10;S7,H10,S3,SK;DQ,D8,H7,DA;S10,H9,S4,SA;H3,H5,H6,H2;HQ,DJ,S8,HK;H8,D9,S9,H4"
1571995996,3,26,3,"CA,C8,C2,C10;S8,S3,S2,S6;S9,S4,SA,S7;C5,C7,CK,C3;D8,D2,D4,D5;SJ,S5,HA,S10;C6,SQ,H10,C4;SK,H5,H8,HK;C9,DQ,H7,HQ;CJ,D9,H4,H6;CQ,D7,H3,DA;H9,D6,H2,DK;HJ,D3,D10,DJ"
1571995996,3,1,3,"C4,CK,CA,C2;S4,S3,S7,S2;S6,S5,S10,S9;SA,C3,C5,C7;SK,C8,C6,CJ;D2,D3,D8,D5;HK,C9,C10,HA;DA,HQ,CQ,HJ;D7,D4,DJ,D6;D9,H6,DQ,DK;D10,H2,H8,H5;SJ,H3,H10,H7;S8,H4,SQ,H9"
1571995996,3,9,3,"C8,CK,C2,CQ;S10,S4,S2,S3;D2,DQ,D4,D3;SA,S9,S5,S7;D10,D5,D8,D6;DJ,D7,DA,HK;HA,SK,S6,S8;HJ,C4,C3,C6;H5,H8,SQ,SJ;H4,C9,C5,CJ;H2,H7,H6,H9;H3,D9,CA,H10;DK,C10,C7,HQ"
1571995996,3,10,3,"CA,C2,CQ,C10;S9,S2,S6,S3;S10,S4,SK,S5;C6,C5,CJ,C3;D5,D3,D2,DA;SQ,SJ,HQ,S7;DQ,D6,D4,D7;C8,CK,HJ,C4;HK,D8,DJ,DK;H9,H7,H10,S8;H4,H5,H8,SA;C9,D10,H6,C7;H3,D9,H2,HA"
1571995996,3,5,3,"CA,C2,CK,C10;S3,SQ,S2,S4;C5,C4,CJ,C3;C7,C6,C9,SA;SK,D2,D3,D5;HK,D4,D7,DQ;H9,D6,DA,DK;S5,H8,SJ,S7;H2,DJ,H3,H5;S6,D10,HA,S8;S10,D9,HQ,S9;C8,CQ,HJ,H10;H4,D8,H7,H6"
1571995996,3,5,3,"CA,C8,CJ,C2;S6,S8,S3,S2;S7,S9,S4,SJ;C3,SQ,C6,C4;D4,D5,D2,DA;D6,D7,D3,DQ;D10,D8,D9,DK;HK,S10,S5,SK;C5,SA,HJ,C7;CQ,HA,H9,C9;CK,HQ,H7,C10;H5,H2,H3,H4;H6,H8,DJ,H10"
1571995996,3,3,3,"C2,CA,C8,C10;S4,S6,S2,S5;SQ,S9,S3,S7;D3,D9,D2,D5;HA,SJ,S10,S8;HQ,SK,H8,HK;H10,SA,H7,H9;C5,C3,C7,C4;D7,HJ,D4,D6;D8,H5,D10,DQ;H2,H4,DJ,DK;CJ,C9,H6,C6;CQ,CK,DA,H3"
1571995996,3,0,3,"CA,CJ,C2,C10;S9,S3,S2,S6;SJ,S4,S5,S10;C7,C6,C5,C3;CQ,C9,CK,C4;SK,S7,S8,SQ;D9,D5,D3,D2;DJ,D7,D6,D4;DK,D8,D10,DQ;H2,HA,H5,H8;H3,H9,H7,SA;H4,HJ,H10,DA;H6,HK,HQ,C8"
1571995996,3,0,3,"CK,CA,C2,C10;S3,S4,S5,S2;S7,S8,S6,S9;DQ,D6,D5,D2;C5,C4,C3,SK;C8,C6,C7,HK;C9,CJ,SA,HQ;SQ,S10,SJ,H7;CQ,HA,H9,H6;D8,DA,D7,D3;H8,H2,H3,H5;D9,HJ,DJ,D4;D10,H10,H4,DK"
1571995996,3,3,3,"CA,CK,C2,D7;C7,C3,C5,HK;C8,C4,C6,HQ;C9,CQ,CJ,HJ;SK,S2,S8,S3;C10,SQ,SA,H9;D5,D9,D8,D2;H7,S4,SJ,S5;DA,H3,H2,H4;D10,H10,HA,D3;DJ,S10,H8,D4;DQ,S9,H6,D6;DK,S6,H5,S7"
1571995996,3,4,3,"C2,C8,CQ,CJ;S5,S2,S4,S3;C3,C6,C10,C5;HA,S6,S7,SJ;DQ,D4,D2,D7;C4,H10,SK,SQ;DJ,D5,D3,D8;C7,H9,HJ,SA;C9,H4,H3,HK;CK,DK,H2,HQ;CA,D9,D10,H7;H5,S10,D6,H6;H8,S8,S9,DA"
1571995996,3,0,3,"CJ,C2,C9,CK;S3,S4,S8,S2;S5,SK,S9,S6;C3,C7,C4,C10;S10,H10,HJ,S7;C8,CQ,C5,SQ;SA,CA,C6,HK;D8,D2,D4,D5;DJ,D3,D10,D6;DK,D7,DQ,H7;H8,H4,H3,H2;HQ,H6,H9,H5;HA,D9,DA,SJ"
1571995996,3,14,3,"C2,CA,C7,CJ;S2,S3,S4,S7;CQ,C3,C6,C9;S5,H9,S9,SA;SK,C4,SQ,C10;HK,D2,D4,D3;H10,D5,D8,D6;H8,DK,DJ,D7;H6,DA,HA,D9;H4,C5,HJ,HQ;SJ,C8,H3,H5;S8,CK,H2,DQ;S6,H7,S10,D10"
1571995996,3,16,3,"C9,C2,CK,CJ;S3,HQ,S2,S5;S6,HJ,S4,S8;DK,D5,D4,D2;S9,H9,S7,SQ;D8,D7,D10,D3;SJ,H8,S10,HA;DJ,H7,SA,D6;DQ,H4,HK,D9;SK,CA,H3,H6;C6,C5,C3,H5;C7,C8,C4,H2;H10,C10,CQ,DA"
1571995996,3,1,3,"C2,CK,CA,CQ;S2,S4,S3,S6;SQ,S7,S5,S10;C3,C8,C5,C9;D2,SA,D5,D3;C4,C10,C6,H7;HK,S8,SJ,H6;CJ,SK,C7,H5;D4,HA,D6,D8;DJ,H10,D7,D9;DK,H8,D10,DQ;H3,H2,HJ,H4;H9,S9,HQ,DA"
1571995996,3,0,3,"C10,CK,C2,C7;S2,S6,S5,S4;C5,C3,C4,C6;S3,HQ,S8,S7;S9,H9,S10,HA;C9,C8,CQ,HJ;SQ,CJ,CA,H8;DJ,D5,D2,D3;SJ,DQ,HK,H4;SK,D10,H7,H2;SA,D9,H6,DK;H5,D7,H3,D8;H10,D6,DA,D4"
1571995996,3,0,3,"CA,C2,CK,C10;S2,S5,S4,S3;SA,S9,S8,S6;C9,C5,C3,C4;CQ,SK,C6,C7;D3,D7,D2,SQ;D5,D8,D4,HQ;D10,D9,D6,HJ;DA,DQ,DJ,H7;H3,H2,H6,C8;HA,HK,DK,SJ;H10,H5,CJ,S10;H9,H4,H8,S7"
1571995996,3,0,3,"CK,CJ,C2,C9;S2,S3,S4,S9;C3,C4,C8,C6;S5,S7,S8,H8;S6,SJ,S10,H7;D2,D6,D3,D4;D7,DQ,DJ,D5;D8,DA,HA,D10;H10,H2,HK,H4;C5,SA,C10,C7;SQ,SK,CQ,H6;HQ,H9,CA,H5;D9,H3,HJ,DK"
1571995996,3,0,3,"CA,CQ,CK,C2;S5,S4,S8,S2;S6,SA,SJ,S3;CJ,C3,C4,C7;S9,H3,SQ,S7;SK,C5,C6,HA;HJ,C8,C9,H10;DK,D3,D2,D4;S10,DQ,HK,H9;H5,D9,H4,H2;H6,D8,HQ,D10;H8,D7,DJ,D5;H7,C10,DA,D6"
1571995996,3,0,3,"C2,CQ,CK,C9;S6,S4,S9,S2;S7,S8,SJ,S3;C4,C6,C3,HK;SK,S10,SQ,S5;C5,C8,C7,H8;D3,D4,DA,D2;CA,C10,CJ,H6;D6,SA,D8,D5;D9,HQ,DQ,D7;H3,H4,H5,H2;H10,H7,H9,DK;DJ,HJ,HA,D10"
1571995996,3,7,3,"C9,CK,C2,CJ;S4,S2,S3,S10;S5,S6,S9,SJ;C5,CQ,C10,C3;S8,S7,SK,SQ;C6,HK,CA,C4;DQ,D4,D2,D10;C8,HQ,SA,C7;H2,H4,H3,H9;HA,D5,D3,DJ;H8,D8,D6,DK;H7,D9,D7,DA;H6,H5,HJ,H10"
1571995996,3,23,3,"CA,C5,C9,C2;S2,S6,S4,S9;S3,S7,HJ,SJ;CJ,C4,C3,C10;S5,S8,H9,SQ;D2,D3,D8,D9;D4,D5,D10,DA;S10,HA,H2,SK;HK,H7,DK,SA;HQ,H6,C6,CQ;H10,H5,C7,CK;H4,DJ,DQ,H3;D7,D6,C8,H8"
1571995996,3,1,3,"C6,CA,C2,CK;S8,S3,S5,S2;S10,S4,S7,S6;SJ,S9,HA,SK;C5,C3,C9,C7;SQ,C4,CJ,C8;D3,D2,D4,DJ;D5,D8,D7,D10;HQ,CQ,HJ,C10;D6,DQ,D9,HK;H9,DK,DA,H10;H3,H7,H6,H2;H5,SA,H8,H4"
1571995996,3,18,3,"C2,CK,CJ,CA;S3,S2,S4,S8;C4,C3,SQ,C6;C5,C7,SA,C8;C10,H9,HA,C9;CQ,H4,HK,HQ;D3,D4,D8,D2;D5,D6,D9,D7;SK,D10,DK,DQ;S6,S5,S10,HJ;H3,H2,H5,H8;SJ,DJ,H10,DA;S9,S7,H7,H6"
1571995996,3,13,3,"CK,CQ,C2,CA;S2,S4,S5,S10;C3,C4,CJ,C8;S3,S8,S6,SQ;D3,SA,D4,D2;D6,HJ,D7,D5;S9,H8,S7,H9;C10,C5,HA,H5;D10,H3,HK,D8;DQ,H2,HQ,D9;DK,C9,H7,DJ;SK,C7,SJ,H4;H10,C6,H6,DA"
1571995996,3,0,3,"CK,C2,C9,CQ;S2,SK,S4,S3;C6,CA,SA,C3;D2,D6,D3,DQ;S5,HA,S6,S7;SQ,HQ,HK,C4;H10,HJ,H5,C5;H6,H8,DK,C7;H4,H7,DJ,C8;H2,DA,D9,C10;D5,D10,D4,CJ;SJ,D8,S9,H3;S10,D7,S8,H9"
1571995996,3,15,3,"C2,CQ,C8,CA;S3,S2,S6,S5;S4,S7,S10,HA;C9,C4,C3,C5;S9,S8,SK,H9;D2,D7,D3,D4;SQ,C6,SA,C7;HK,C10,HQ,CK;D6,D9,D8,D5;DK,DQ,DJ,D10;SJ,H10,HJ,H5;H3,H7,H4,H2;H6,CJ,H8,DA"
1571995996,3,13,3,"CK,CJ,CQ,C2;S4,S6,S3,S2;S7,S8,S5,SJ;C5,C3,C4,CA;D2,D6,D9,D3;SQ,S9,S10,SK;D5,D7,DJ,D4;D10,HA,DQ,D8;H9,HK,SA,HJ;H5,C6,C8,H10;H2,C10,H7,H6;H3,C9,H8,DA;H4,C7,HQ,DK"
1571995996,3,25,3,"CQ,CK,C2,CA;S5,S2,S7,S6;S8,S3,SJ,SQ;C4,C7,C3,C8;C5,SK,C9,C10;C6,HK,H10,CJ;D2,D7,D4,D3;H7,DK,D5,D8;S9,S4,H9,SA;H5,HQ,D6,D10;H4,HJ,D9,DQ;H3,H6,DJ,DA;S10,H2,H8,HA"
